{
  "power_cost_0": [
    151671.38430610148, 
    601222.0123291796, 
    2114465.9011946013, 
    3030567.7301127505, 
    9099577.568635156
  ], 
  "power_cost_2": [
    137376.79318180366, 
    548064.0328971016, 
    1920595.627999382, 
    2738422.3847156554, 
    8229395.0166863995
  ], 
  "power_cost_3": [
    88685.330595955, 
    343024.2089000489, 
    1200946.4716511131, 
    1704735.2598682905, 
    5152009.941182025
  ], 
  "scale": [
    500, 
    2000, 
    7000, 
    10000, 
    30000
  ], 
  "degree_of_concentration_2": [
    29137.47031063143, 
    116024.95242547154, 
    406404.2016290031, 
    579665.1845923745, 
    1742322.5739223666
  ], 
  "degree_of_concentration_3": [
    19353.79450545914, 
    74894.57961538182, 
    262119.06296443977, 
    372179.5144886954, 
    1124745.7172663053
  ], 
  "degree_of_concentration_0": [
    31965.641290354193, 
    126557.8491067621, 
    444806.1521467288, 
    637493.8028833249, 
    1914646.5016389196
  ], 
  "used_hms_0": [
    338, 
    1340, 
    4713, 
    6755, 
    20282
  ], 
  "used_hms_3": [
    197, 
    762, 
    2668, 
    3787, 
    11445
  ], 
  "used_hms_2": [
    306, 
    1221, 
    4279, 
    6101, 
    18334
  ], 
  "tolerance_3": [
    50030.1, 
    30012.6, 
    20016.1, 
    50011.8, 
    30015.8
  ], 
  "tolerance_2": [
    50013.4, 
    100013.9, 
    50026.3, 
    80011.4, 
    90013.6
  ], 
  "tolerance_0": [
    40011.8, 
    60011.7, 
    60013.4, 
    30017.8, 
    80011.9
  ]
}